employee_id,Name,email,phone,hire_date,manager_id,job_title
1,Aristotle Beach,ornare.facilisis.eget@CuraePhasellus.net,(01068) 565971,JulJul-1010-22222222,55,Nadine Skinner
2,Blake Raymond,Nunc.pulvinar.arcu@sedsapien.edu,07624 612567,AprApr-2727-22222222,58,Dana Dalton
3,Jacob Swanson,lorem.semper.auctor@placerataugueSed.edu,0906 914 4893,AugAug-1818-21212121,58,Deirdre Jordan
4,Hakeem Paul,dui.lectus@Integertincidunt.com,(017040) 83237,MayMay-0202-22222222,60,Jescie Barrett
5,Carlos Decker,suscipit@InloremDonec.org,(016977) 8779,AugAug-2525-21212121,58,Germaine Campbell
6,Carlos Nielsen,amet.consectetuer.adipiscing@Proinnon.co.uk,0940 678 5897,NovNov-0808-21212121,60,Brynne Kinney
7,Hilel Christensen,sodales.at@ametluctusvulputate.edu,07624 494187,OctOct-1010-20202020,55,Rhiannon Carter
8,Vladimir Joyce,Nunc@Integervulputate.com,07092 885762,AugAug-0101-21212121,55,Germaine Wiley
9,Cruz Willis,leo@atvelit.ca,07624 053435,JulJul-2323-20202020,57,Cynthia Huffman
10,Ross Mosley,augue.ut@pellentesque.co.uk,07231 779357,OctOct-1515-20202020,53,Iris Schwartz
11,Erasmus Newman,auctor@consectetueradipiscingelit.com,0375 378 7090,SepSep-1414-21212121,56,Shellie Ballard
12,Len Zamora,purus@velit.org,(0119) 527 4947,DecDec-1010-21212121,53,Carolyn Velasquez
13,Ira Dorsey,Aenean.gravida@nonmassanon.co.uk,(01269) 711202,DecDec-1616-21212121,53,Claire Barry
14,Nigel Mcguire,rutrum.Fusce@velarcuCurabitur.edu,(0161) 619 5129,NovNov-0303-21212121,52,Jorden Ayala
15,Brady Mayo,elit.Nulla@Nuncsollicitudincommodo.org,0375 167 3617,DecDec-1818-20202020,59,Kathleen Mcfadden
16,Chase Boone,lacus.Mauris@cursusaenim.co.uk,07702 193647,OctOct-0101-21212121,54,Jana Christian
17,Ignatius Bradford,Aliquam@tempusnonlacinia.net,(016977) 0387,AugAug-0707-21212121,59,Helen Hopkins
18,Wade Reed,arcu.Aliquam@tristiquesenectuset.net,0800 884 4210,SepSep-2121-21212121,58,Audrey Graves
19,Cameron Ewing,sed@vel.co.uk,07624 006142,SepSep-2525-20202020,50,Winifred Martinez
20,Hakeem Young,Aenean.euismod@non.org,(01412) 48865,AugAug-0202-20202020,50,Aretha Hurley
21,Kermit Wagner,dis.parturient@egetmetuseu.org,(01178) 052520,FebFeb-1818-22222222,50,Kylan Hyde
22,Dorian Moreno,sit.amet@dictumeleifend.ca,055 4374 6034,NovNov-2525-20202020,53,Iris Britt
23,Fitzgerald Fleming,elit.elit.fermentum@enim.com,070 5242 6689,MarMar-0808-21212121,58,McKenzie Buchanan
24,Josiah Johns,diam.at@dolorFusce.edu,(01677) 802288,OctOct-0808-21212121,58,Tasha Campos
25,Ivan Strickland,mi@nibhlacinia.edu,0500 063248,JanJan-1212-21212121,50,Morgan Shepherd
26,Otto Mccray,Nunc.sollicitudin.commodo@acsem.co.uk,0800 1111,JulJul-1515-21212121,60,Lacy Jensen
27,Ivan Joyce,Aenean.euismod@sitamet.com,(016977) 8260,SepSep-1010-21212121,50,Ora Livingston
28,Beck Mason,diam.nunc@dignissimMaecenas.com,0500 134286,DecDec-3030-21212121,53,Lacy Barrera
29,Yuli Bernard,dolor.Quisque.tincidunt@tincidunt.com,076 8327 2218,DecDec-1111-21212121,56,Chelsea Parrish
30,Erich Stuart,lacus.Etiam@liberoProin.net,076 3147 6837,FebFeb-1414-21212121,60,Teegan Hayes
31,Ivor Cash,ipsum@turpisAliquamadipiscing.ca,(023) 6038 8367,MayMay-0202-22222222,57,Yen Gardner
32,Edan Mcgowan,nulla.In@pedePraesenteu.org,0845 46 48,OctOct-3030-21212121,59,Dora Farmer
33,Guy Tyson,in.sodales@eutellus.co.uk,0855 249 6597,DecDec-2424-21212121,57,India Fuentes
34,Howard Randolph,Duis.at@vitaeposuereat.co.uk,07624 142028,OctOct-1111-20202020,52,Imogene Gates
35,Dustin Barrett,ac.orci@tellusfaucibusleo.ca,(0131) 044 8906,NovNov-2424-21212121,54,Fallon Williams
36,Bevis Porter,parturient@atiaculisquis.org,0500 988779,MarMar-2424-22222222,59,Meghan Solis
37,Bruce Fitzpatrick,nulla.Integer.vulputate@Aliquamfringillacursus.org,(01804) 03799,FebFeb-0707-21212121,52,Savannah Lawson
38,Brian Leblanc,tincidunt.dui.augue@vestibulumMauris.co.uk,07829 199525,MayMay-0909-21212121,55,Amela Medina
39,Hasad Jefferson,pede.sagittis.augue@vel.net,(016977) 4066,AugAug-0707-20202020,51,Joan Chambers
40,Wylie Mullins,consectetuer.adipiscing.elit@ipsum.org,(01615) 46603,OctOct-0606-21212121,59,Kiayada Harper
41,Ralph Potter,velit.Quisque.varius@nec.edu,07610 785270,MayMay-2727-22222222,57,Wynter Watts
42,Vaughan Cobb,sed.tortor@metus.net,0500 488093,JanJan-2121-21212121,55,Aimee Patrick
43,Kadeem Richards,convallis.ante@ornaresagittisfelis.edu,(027) 7824 5220,NovNov-0404-21212121,50,Mia Avery
44,Kelly Gill,neque.Nullam.ut@miDuisrisus.ca,(0161) 171 3811,FebFeb-1616-22222222,50,Karina Porter
45,Acton Colon,ornare@elitpretium.com,(01801) 40880,JanJan-1717-21212121,53,Haviva Berg
46,Roth Mosley,a.aliquet@erat.net,(01037) 329141,AprApr-0606-22222222,56,Octavia Pollard
47,Palmer Wood,posuere@ipsumSuspendisse.org,(01798) 23031,FebFeb-0404-22222222,50,Maggy Pollard
48,Dale Sanders,scelerisque.sed.sapien@liberoestcongue.edu,0800 1111,AprApr-2828-22222222,55,Hedda Rojas
49,Sylvester Page,Aenean@lobortismaurisSuspendisse.org,(020) 8668 9352,JunJun-1515-21212121,53,MacKenzie Strickland
50,Hamilton Emerson,sem.Pellentesque.ut@risusIn.net,(01972) 12411,JulJul-2828-21212121,53,Zephr Michael
51,Rashad Stanton,metus.Vivamus.euismod@quispede.co.uk,0800 561 0311,MayMay-3030-22222222,57,Ocean Wong
52,Yardley Bradford,nec.malesuada.ut@adipiscing.ca,(0111) 112 4994,OctOct-1515-20202020,56,Yael Wells
53,Ira Craft,semper@Morbinon.co.uk,055 5646 3929,SepSep-1515-20202020,58,Megan Ross
54,Hayden Watson,pulvinar@eueuismodac.com,(0115) 647 6342,OctOct-2323-20202020,53,Angelica Barrett
55,Dante Byrd,adipiscing@vulputateposuere.org,(0116) 418 1091,NovNov-1010-21212121,50,Germaine Luna
56,Jonah Dixon,urna.Nunc@ligulaelit.edu,0800 467 0504,DecDec-2727-21212121,56,Suki Berger
57,Clarke Hood,auctor.quis.tristique@Maurisnon.edu,0800 1111,SepSep-2323-21212121,58,Maggy Buck
58,Gary Gibson,tincidunt.vehicula.risus@idliberoDonec.edu,0800 532 7364,AprApr-0909-21212121,57,Kristen Best
59,Victor Massey,eu.erat.semper@magnaatortor.co.uk,056 8403 5028,JulJul-2121-21212121,54,Gloria Osborn
60,Graham Dominguez,malesuada.ut.sem@loremDonecelementum.edu,(029) 6472 4144,AprApr-1717-22222222,52,Xerxes Hurst
61,Jin Holman,orci@sitamet.co.uk,0800 653 1067,AugAug-2424-21212121,59,Neve Mcbride
62,Connor Slater,Etiam@sodalesnisi.co.uk,(016977) 4951,AprApr-1717-21212121,52,Tatum Morgan
63,Byron Camacho,dapibus@aliquamenim.co.uk,0800 666 5505,AugAug-0303-20202020,53,Sloane Farley
64,Calvin Kaufman,nisi@Nuncquis.com,(011362) 15668,MayMay-3030-22222222,57,Alfreda Fowler
65,Reese Cardenas,egestas@eget.net,(01852) 543861,JanJan-0707-22222222,50,Kathleen Hewitt
66,Wang Lott,Lorem@feugiatLoremipsum.net,076 6436 0379,NovNov-1717-21212121,60,Mara Vega
67,Macon Tyler,nulla.Cras@pellentesque.org,076 3145 8697,OctOct-1111-21212121,57,Dacey Mckee
68,Bruce Bruce,ornare.facilisis@Curabiturmassa.com,(011273) 66442,OctOct-2929-20202020,60,Mollie Blankenship
69,Driscoll Valentine,vel@tempordiamdictum.com,0500 983756,JanJan-2525-21212121,58,Lila Emerson
70,Samson Ortiz,consectetuer.cursus@utodio.net,0845 46 41,OctOct-1616-21212121,57,Lavinia Melendez
71,Stephen Dejesus,quis@magnaLoremipsum.com,(01269) 774419,JunJun-2727-22222222,55,Stacy Reilly
72,Alvin Weiss,sociis.natoque@natoquepenatibuset.co.uk,0381 994 1063,SepSep-1313-20202020,50,Inga Snow
73,Benjamin Reyes,Nullam.scelerisque@turpisvitae.net,076 8045 4732,FebFeb-1818-21212121,52,Libby Weeks
74,Amal Gross,aliquam.eu@semconsequat.net,055 1465 7860,NovNov-0707-21212121,56,Marah Dean
75,Kato Hoover,sed.sem.egestas@blanditat.com,(01740) 44119,JulJul-0707-22222222,59,Macey Slater
76,Yuli Warren,nisi.nibh.lacinia@malesuada.ca,(010256) 78732,FebFeb-1515-21212121,56,Hanna Pugh
77,Wade Nichols,urna.justo.faucibus@sapiencursusin.net,(023) 5115 1644,AugAug-2222-20202020,56,Gwendolyn Ramirez
78,Drake Morales,quam.elementum@ProinultricesDuis.org,07495 111025,JulJul-2828-20202020,55,Jeanette Phillips
79,Silas Barber,vitae@bibendumullamcorperDuis.com,055 5328 8347,AprApr-2222-22222222,52,Yolanda Ramirez
80,Len Chambers,augue.scelerisque@dictumcursusNunc.edu,(0116) 525 0598,JanJan-2424-22222222,60,Leandra Sampson
81,Asher Gamble,eu.dolor.egestas@anteipsumprimis.com,056 4305 4146,MayMay-3131-21212121,57,Jada Booth
82,Kennedy Pruitt,luctus@tellusfaucibusleo.org,0879 962 9844,MayMay-2828-22222222,59,Keiko Perkins
83,Clinton Lowery,mauris@aliquetmagnaa.org,0500 853852,MayMay-1414-21212121,51,Lillith Wong
84,Dexter Mcgowan,sem@uteros.edu,0800 598 9641,OctOct-1010-21212121,51,Ariana Bean
85,Hammett Ochoa,Nulla.tincidunt@sapienmolestieorci.ca,(015518) 84104,OctOct-2323-20202020,59,Chelsea Orr
86,Jesse Boone,dui@auctorveliteget.net,0500 197123,SepSep-1717-20202020,57,Willa Anderson
87,Wyatt West,pede@ipsumSuspendisse.com,0380 746 7516,MarMar-1212-21212121,53,Mari Kennedy
88,Gavin Munoz,habitant.morbi.tristique@libero.ca,0955 043 7574,FebFeb-1616-21212121,53,Jasmine Cash
89,Basil Little,at@sitametconsectetuer.edu,0500 858869,OctOct-1515-20202020,51,Jenette Gentry
90,Jamal Hurley,arcu.Vivamus@iaculis.co.uk,0836 178 1933,SepSep-2222-20202020,53,Adele Blair
91,Donovan Stanton,et.malesuada@sedhendrerit.co.uk,0500 129051,OctOct-2727-20202020,58,Jade Hill
92,Ezekiel Gates,Donec@Phasellusin.net,0971 239 7844,OctOct-2121-21212121,59,Kelsie Small
93,Brock Hancock,mi.Aliquam@nectempusscelerisque.org,(016293) 89749,FebFeb-1111-21212121,54,Harriet Sanchez
94,Reed Noel,Nullam.velit.dui@Uttinciduntorci.com,0834 157 3090,AprApr-2727-22222222,58,Raya Rios
95,Tucker Bradley,nisl.sem.consequat@molestieSed.org,0800 1111,FebFeb-2323-21212121,52,Kylan Cross
96,Quentin Oconnor,Etiam@pretiumnequeMorbi.ca,(016977) 2660,AprApr-1212-21212121,50,Brenda Cervantes
97,Simon Mendoza,Aliquam.erat.volutpat@Vivamusnonlorem.com,(026) 5735 5591,FebFeb-2020-22222222,57,Olivia Davenport
98,Aristotle Kirk,Aenean.eget@enim.co.uk,(0119) 545 9570,AprApr-0909-21212121,54,Adria Bush
99,Laith Cole,leo.Cras@pede.net,0368 576 7999,SepSep-0707-21212121,52,Kelsey Morgan
100,Valentine Lucas,dolor.elit.pellentesque@dui.org,07987 999126,FebFeb-0909-22222222,53,Samantha Jones
